BOROUGH,NEIGHBORHOOD,TYPE OF HOME,NUMBER OF SALES,LOWEST SALE PRICE,AVERAGE SALE PRICE,MEDIAN SALE PRICE,HIGHEST SALE PRICE,YEAR
BRONX,BAYCHESTER,01 ONE FAMILY HOMES,97,200000,533743,545000,1050000,2022
BRONX,BAYCHESTER,02 TWO FAMILY HOMES,118,285000,702224,720000,999000,2022
BRONX,BAYCHESTER,03 THREE FAMILY HOMES,25,430350,781392,850000,1000000,2022
BRONX,BEDFORD PARK/NORWOOD,01 ONE FAMILY HOMES,21,295000,882762,732000,3300000,2022
BRONX,BEDFORD PARK/NORWOOD,02 TWO FAMILY HOMES,29,380000,717103,770000,960000,2022
BRONX,BEDFORD PARK/NORWOOD,03 THREE FAMILY HOMES,13,620000,912231,880000,1250000,2022
BRONX,BELMONT,01 ONE FAMILY HOMES,2,700000,725000,725000,750000,2022
BRONX,BELMONT,02 TWO FAMILY HOMES,19,350000,647772,625000,933333,2022
BRONX,BELMONT,03 THREE FAMILY HOMES,12,261000,745833,800000,975000,2022
BRONX,BRONXDALE,01 ONE FAMILY HOMES,47,212000,551676,565000,825000,2022
BRONX,BRONXDALE,02 TWO FAMILY HOMES,71,337500,729906,730000,1900000,2022
BRONX,BRONXDALE,03 THREE FAMILY HOMES,17,550000,850206,800000,1350000,2022
BRONX,CASTLE HILL/UNIONPORT,01 ONE FAMILY HOMES,25,305000,622440,607500,1400000,2022
BRONX,CASTLE HILL/UNIONPORT,02 TWO FAMILY HOMES,43,228000,730497,750000,1100000,2022
BRONX,CASTLE HILL/UNIONPORT,03 THREE FAMILY HOMES,21,650000,922209,915000,1221900,2022
BRONX,CITY ISLAND,01 ONE FAMILY HOMES,31,280000,565419,580000,999995,2022
BRONX,CITY ISLAND,02 TWO FAMILY HOMES,7,400000,664286,725000,975000,2022
BRONX,CITY ISLAND,03 THREE FAMILY HOMES,3,875000,927333,907000,999999,2022
BRONX,COUNTRY CLUB,01 ONE FAMILY HOMES,76,350000,665156,650000,975000,2022
BRONX,COUNTRY CLUB,02 TWO FAMILY HOMES,59,400000,852886,835000,1265000,2022
BRONX,COUNTRY CLUB,03 THREE FAMILY HOMES,15,450000,980933,980000,1390000,2022
BRONX,SOUNDVIEW,02 TWO FAMILY HOMES,77,250000,692505,740000,1100000,2022
BRONX,CROTONA PARK,01 ONE FAMILY HOMES,5,499550,607710,600000,769000,2022
BRONX,CROTONA PARK,02 TWO FAMILY HOMES,7,500000,676143,650000,850000,2022
BRONX,CROTONA PARK,03 THREE FAMILY HOMES,7,485000,796971,850000,958800,2022
BRONX,EAST TREMONT,01 ONE FAMILY HOMES,13,265000,551308,542000,950000,2022
BRONX,EAST TREMONT,02 TWO FAMILY HOMES,14,235159,753154,767500,1190000,2022
BRONX,EAST TREMONT,03 THREE FAMILY HOMES,5,550000,815000,850000,950000,2022
BRONX,FIELDSTON,01 ONE FAMILY HOMES,7,999100,2258443,1565000,4400000,2022
BRONX,FIELDSTON,02 TWO FAMILY HOMES,1,820000,820000,820000,820000,2022
BRONX,FORDHAM,01 ONE FAMILY HOMES,6,452000,950833,881500,1700000,2022
BRONX,FORDHAM,02 TWO FAMILY HOMES,19,458000,783053,716000,1715000,2022
BRONX,FORDHAM,03 THREE FAMILY HOMES,8,440000,1066851,1055000,2235000,2022
BRONX,HIGHBRIDGE/MORRIS HEIGHTS,01 ONE FAMILY HOMES,7,340000,666286,775000,925000,2022
BRONX,HIGHBRIDGE/MORRIS HEIGHTS,02 TWO FAMILY HOMES,35,355000,853454,870000,1500000,2022
BRONX,HIGHBRIDGE/MORRIS HEIGHTS,03 THREE FAMILY HOMES,12,400000,915250,910000,1335000,2022
BRONX,HUNTS POINT,01 ONE FAMILY HOMES,1,555000,555000,555000,555000,2022
BRONX,HUNTS POINT,02 TWO FAMILY HOMES,5,200000,581000,690000,825000,2022
BRONX,HUNTS POINT,03 THREE FAMILY HOMES,4,210000,430739,398977,715000,2022
BRONX,KINGSBRIDGE HTS/UNIV HTS,01 ONE FAMILY HOMES,16,400000,793453,710000,2300000,2022
BRONX,KINGSBRIDGE HTS/UNIV HTS,02 TWO FAMILY HOMES,15,375000,694000,700000,999999,2022
BRONX,KINGSBRIDGE HTS/UNIV HTS,03 THREE FAMILY HOMES,8,425000,781125,822500,925000,2022
BRONX,KINGSBRIDGE/JEROME PARK,01 ONE FAMILY HOMES,15,480000,685600,699000,955000,2022
BRONX,KINGSBRIDGE/JEROME PARK,02 TWO FAMILY HOMES,20,540000,958000,945000,1800000,2022
BRONX,KINGSBRIDGE/JEROME PARK,03 THREE FAMILY HOMES,8,860000,1038125,967500,1400000,2022
BRONX,MELROSE/CONCOURSE,01 ONE FAMILY HOMES,9,305000,560556,525000,1150000,2022
BRONX,MELROSE/CONCOURSE,02 TWO FAMILY HOMES,11,448000,923364,750000,1500000,2022
BRONX,MELROSE/CONCOURSE,03 THREE FAMILY HOMES,14,375000,741143,750000,995000,2022
BRONX,MORRIS PARK/VAN NEST,01 ONE FAMILY HOMES,45,316000,665822,650000,1320500,2022
BRONX,MORRIS PARK/VAN NEST,02 TWO FAMILY HOMES,86,400000,766471,732500,1150000,2022
BRONX,MORRIS PARK/VAN NEST,03 THREE FAMILY HOMES,19,570000,875629,880000,1365000,2022
BRONX,MORRISANIA/LONGWOOD,01 ONE FAMILY HOMES,23,256510,505155,500000,730000,2022
BRONX,MORRISANIA/LONGWOOD,02 TWO FAMILY HOMES,26,265000,711192,745500,900000,2022
BRONX,MORRISANIA/LONGWOOD,03 THREE FAMILY HOMES,30,230000,806967,825000,1225000,2022
BRONX,MOTT HAVEN/PORT MORRIS,01 ONE FAMILY HOMES,10,400000,978700,1060000,1750000,2022
BRONX,MOTT HAVEN/PORT MORRIS,02 TWO FAMILY HOMES,23,460000,878783,820000,1898000,2022
BRONX,MOTT HAVEN/PORT MORRIS,03 THREE FAMILY HOMES,9,350000,785500,779000,1176000,2022
BRONX,MOUNT HOPE/MOUNT EDEN,01 ONE FAMILY HOMES,1,1126000,1126000,1126000,1126000,2022
BRONX,MOUNT HOPE/MOUNT EDEN,02 TWO FAMILY HOMES,13,470000,1025769,890000,2375000,2022
BRONX,MOUNT HOPE/MOUNT EDEN,03 THREE FAMILY HOMES,4,535000,1070750,899000,1950000,2022
BRONX,PARKCHESTER,01 ONE FAMILY HOMES,4,530000,667500,657500,825000,2022
BRONX,PARKCHESTER,02 TWO FAMILY HOMES,35,380000,714929,734000,965000,2022
BRONX,PARKCHESTER,03 THREE FAMILY HOMES,12,225000,692851,762500,999000,2022
BRONX,PELHAM GARDENS,01 ONE FAMILY HOMES,20,240000,692200,627500,1275000,2022
BRONX,PELHAM GARDENS,02 TWO FAMILY HOMES,11,500000,889545,950000,1230000,2022
BRONX,PELHAM GARDENS,03 THREE FAMILY HOMES,2,999500,1164750,1164750,1330000,2022
BRONX,PELHAM PARKWAY NORTH,01 ONE FAMILY HOMES,40,210000,636963,672500,939000,2022
BRONX,PELHAM PARKWAY NORTH,02 TWO FAMILY HOMES,39,410000,761124,746000,1300000,2022
BRONX,PELHAM PARKWAY NORTH,03 THREE FAMILY HOMES,5,825000,1058500,950000,1350000,2022
BRONX,PELHAM PARKWAY SOUTH,01 ONE FAMILY HOMES,17,330000,672794,620000,1200000,2022
BRONX,PELHAM PARKWAY SOUTH,02 TWO FAMILY HOMES,20,475000,828700,822500,1125000,2022
BRONX,PELHAM PARKWAY SOUTH,03 THREE FAMILY HOMES,3,455000,841667,945000,1125000,2022
BRONX,RIVERDALE,01 ONE FAMILY HOMES,57,370000,1351782,1007500,3625000,2022
BRONX,RIVERDALE,02 TWO FAMILY HOMES,19,400000,990263,849000,3300000,2022
BRONX,RIVERDALE,03 THREE FAMILY HOMES,6,820000,1129745,1186735,1350000,2022
BRONX,SCHUYLERVILLE/PELHAM BAY,01 ONE FAMILY HOMES,50,325000,643243,645000,970000,2022
BRONX,SCHUYLERVILLE/PELHAM BAY,02 TWO FAMILY HOMES,75,535000,824320,805000,1280000,2022
BRONX,SCHUYLERVILLE/PELHAM BAY,03 THREE FAMILY HOMES,30,550000,1005192,962500,2225000,2022
BRONX,SOUNDVIEW,01 ONE FAMILY HOMES,38,275000,500603,507500,885000,2022
BRONX,SOUNDVIEW,03 THREE FAMILY HOMES,54,200000,846272,880000,1200000,2022
BRONX,THROGS NECK,01 ONE FAMILY HOMES,150,200000,524098,548400,975000,2022
BRONX,THROGS NECK,02 TWO FAMILY HOMES,97,200000,760205,745000,1832850,2022
BRONX,THROGS NECK,03 THREE FAMILY HOMES,11,800000,1012901,940000,1551000,2022
BRONX,WAKEFIELD,01 ONE FAMILY HOMES,66,300000,556975,560000,2058200,2022
BRONX,WAKEFIELD,02 TWO FAMILY HOMES,75,235000,669624,690000,1100000,2022
BRONX,WAKEFIELD,03 THREE FAMILY HOMES,15,580000,880533,890000,1200000,2022
BRONX,WESTCHESTER,01 ONE FAMILY HOMES,17,380000,592529,600000,700000,2022
BRONX,WESTCHESTER,02 TWO FAMILY HOMES,33,233000,784758,820000,1240000,2022
BRONX,WESTCHESTER,03 THREE FAMILY HOMES,14,600000,863849,910000,1170988,2022
BRONX,WILLIAMSBRIDGE,01 ONE FAMILY HOMES,45,260000,560054,571000,750000,2022
BRONX,WILLIAMSBRIDGE,02 TWO FAMILY HOMES,83,350000,692402,710000,999000,2022
BRONX,WILLIAMSBRIDGE,03 THREE FAMILY HOMES,31,250000,790265,815000,1500000,2022
BRONX,WOODLAWN,01 ONE FAMILY HOMES,28,225000,648187,645000,901500,2022
BRONX,WOODLAWN,02 TWO FAMILY HOMES,16,400000,734969,787000,925000,2022
BRONX,WOODLAWN,03 THREE FAMILY HOMES,8,855000,943063,957500,1050000,2022
BROOKLYN,BATH BEACH,01 ONE FAMILY HOMES,19,758000,992316,880000,2430000,2022
BROOKLYN,BATH BEACH,02 TWO FAMILY HOMES,74,660000,1191740,1215000,1865000,2022
BROOKLYN,BATH BEACH,03 THREE FAMILY HOMES,32,230000,1610506,1672500,2392888,2022
BROOKLYN,BAY RIDGE,01 ONE FAMILY HOMES,133,363000,1362182,1198000,7425000,2022
BROOKLYN,BAY RIDGE,02 TWO FAMILY HOMES,150,250000,1320003,1300000,2999999,2022
BROOKLYN,BAY RIDGE,03 THREE FAMILY HOMES,17,227500,1439853,1580000,2300000,2022
BROOKLYN,BEDFORD STUYVESANT,01 ONE FAMILY HOMES,27,750000,1686685,1650000,3300000,2022
BROOKLYN,BEDFORD STUYVESANT,02 TWO FAMILY HOMES,234,275000,1658849,1550000,4852000,2022
BROOKLYN,BEDFORD STUYVESANT,03 THREE FAMILY HOMES,98,395460,1836561,1800000,5900000,2022
BROOKLYN,BENSONHURST,01 ONE FAMILY HOMES,49,232000,1102949,999000,2450000,2022
BROOKLYN,BENSONHURST,02 TWO FAMILY HOMES,118,440000,1360758,1350000,3000000,2022
BROOKLYN,BENSONHURST,03 THREE FAMILY HOMES,51,286667,1449370,1510000,2180000,2022
BROOKLYN,BERGEN BEACH,01 ONE FAMILY HOMES,39,310415,910474,855000,1850000,2022
BROOKLYN,BERGEN BEACH,02 TWO FAMILY HOMES,40,645000,1000125,990000,1530000,2022
BROOKLYN,BERGEN BEACH,03 THREE FAMILY HOMES,20,388383,977134,999334,1290000,2022
BROOKLYN,BOERUM HILL,01 ONE FAMILY HOMES,9,1875000,5748357,5500000,9500000,2022
BROOKLYN,BOERUM HILL,02 TWO FAMILY HOMES,19,1250000,3608928,3300000,7900000,2022
BROOKLYN,BOERUM HILL,03 THREE FAMILY HOMES,9,1309500,2997167,3180000,4500000,2022
BROOKLYN,BOROUGH PARK,01 ONE FAMILY HOMES,64,453625,1305050,1145000,3450500,2022
BROOKLYN,BOROUGH PARK,02 TWO FAMILY HOMES,199,575000,1650391,1530000,4600000,2022
BROOKLYN,BOROUGH PARK,03 THREE FAMILY HOMES,69,200000,1912757,1835000,4985000,2022
BROOKLYN,BRIGHTON BEACH,01 ONE FAMILY HOMES,15,375000,681267,545000,2350000,2022
BROOKLYN,BRIGHTON BEACH,02 TWO FAMILY HOMES,18,375000,1040320,840000,2600000,2022
BROOKLYN,BRIGHTON BEACH,03 THREE FAMILY HOMES,7,500000,897857,950000,1125000,2022
BROOKLYN,BROOKLYN HEIGHTS,01 ONE FAMILY HOMES,16,1250000,6891260,6475000,16750000,2022
BROOKLYN,BROOKLYN HEIGHTS,02 TWO FAMILY HOMES,9,3850000,10249444,9995000,18300000,2022
BROOKLYN,BROOKLYN HEIGHTS,03 THREE FAMILY HOMES,3,4200000,7350000,6500000,11350000,2022
BROOKLYN,BROWNSVILLE,01 ONE FAMILY HOMES,54,246000,528597,540000,935000,2022
BROOKLYN,BROWNSVILLE,02 TWO FAMILY HOMES,35,375000,769276,825000,1200000,2022
BROOKLYN,BROWNSVILLE,03 THREE FAMILY HOMES,9,650000,864029,925262,999999,2022
BROOKLYN,BUSH TERMINAL,01 ONE FAMILY HOMES,1,1025000,1025000,1025000,1025000,2022
BROOKLYN,BUSH TERMINAL,02 TWO FAMILY HOMES,7,605000,1159286,1235000,1660000,2022
BROOKLYN,BUSHWICK,01 ONE FAMILY HOMES,12,550000,1322506,1312500,2450000,2022
BROOKLYN,BUSHWICK,02 TWO FAMILY HOMES,148,225000,1404921,1225000,4687176,2022
BROOKLYN,BUSHWICK,03 THREE FAMILY HOMES,79,425000,1397716,1280000,2700000,2022
BROOKLYN,CANARSIE,01 ONE FAMILY HOMES,80,265000,634785,650000,995000,2022
BROOKLYN,CANARSIE,02 TWO FAMILY HOMES,217,250000,760398,790000,1180000,2022
BROOKLYN,CANARSIE,03 THREE FAMILY HOMES,33,202800,892300,900000,1350000,2022
BROOKLYN,CARROLL GARDENS,01 ONE FAMILY HOMES,6,2010000,3879167,3512500,6800000,2022
BROOKLYN,CARROLL GARDENS,02 TWO FAMILY HOMES,24,250000,3527813,3232500,7225000,2022
BROOKLYN,CARROLL GARDENS,03 THREE FAMILY HOMES,29,1650000,3086820,2900000,5550000,2022
BROOKLYN,CLINTON HILL,01 ONE FAMILY HOMES,16,1750000,3515563,3850000,4750000,2022
BROOKLYN,CLINTON HILL,02 TWO FAMILY HOMES,21,700000,3266461,3219500,5900000,2022
BROOKLYN,CLINTON HILL,03 THREE FAMILY HOMES,13,1790000,2788692,2700000,4490000,2022
BROOKLYN,COBBLE HILL,01 ONE FAMILY HOMES,7,3950000,6933571,6300000,10800000,2022
BROOKLYN,COBBLE HILL,02 TWO FAMILY HOMES,8,540600,4244450,4625000,6250000,2022
BROOKLYN,COBBLE HILL,03 THREE FAMILY HOMES,5,757425,3231485,2900000,6250000,2022
BROOKLYN,COBBLE HILL-WEST,01 ONE FAMILY HOMES,1,3495000,3495000,3495000,3495000,2022
BROOKLYN,COBBLE HILL-WEST,02 TWO FAMILY HOMES,1,1999000,1999000,1999000,1999000,2022
BROOKLYN,COBBLE HILL-WEST,03 THREE FAMILY HOMES,2,1950000,2125000,2125000,2300000,2022
BROOKLYN,CONEY ISLAND,01 ONE FAMILY HOMES,27,249000,595563,600000,999000,2022
BROOKLYN,CONEY ISLAND,02 TWO FAMILY HOMES,3,760000,936667,800000,1250000,2022
BROOKLYN,CONEY ISLAND,03 THREE FAMILY HOMES,1,1080000,1080000,1080000,1080000,2022
BROOKLYN,CROWN HEIGHTS,01 ONE FAMILY HOMES,23,620000,1645630,1600000,2900000,2022
BROOKLYN,CROWN HEIGHTS,02 TWO FAMILY HOMES,123,350000,1431819,1350000,2900000,2022
BROOKLYN,CROWN HEIGHTS,03 THREE FAMILY HOMES,37,400000,1625511,1640000,4250000,2022
BROOKLYN,CYPRESS HILLS,01 ONE FAMILY HOMES,30,329500,700550,717500,1330000,2022
BROOKLYN,CYPRESS HILLS,02 TWO FAMILY HOMES,81,300000,808974,840000,1230000,2022
BROOKLYN,CYPRESS HILLS,03 THREE FAMILY HOMES,18,300000,904389,967500,1200000,2022
BROOKLYN,DOWNTOWN-FULTON FERRY,02 TWO FAMILY HOMES,1,2550000,2550000,2550000,2550000,2022
BROOKLYN,DOWNTOWN-FULTON MALL,01 ONE FAMILY HOMES,1,4985000,4985000,4985000,4985000,2022
BROOKLYN,DOWNTOWN-FULTON MALL,02 TWO FAMILY HOMES,2,1478000,2964000,2964000,4450000,2022
BROOKLYN,DOWNTOWN-METROTECH,01 ONE FAMILY HOMES,1,2505000,2505000,2505000,2505000,2022
BROOKLYN,DOWNTOWN-METROTECH,03 THREE FAMILY HOMES,1,2220000,2220000,2220000,2220000,2022
BROOKLYN,DYKER HEIGHTS,01 ONE FAMILY HOMES,80,200000,1172703,1064000,3500000,2022
BROOKLYN,DYKER HEIGHTS,02 TWO FAMILY HOMES,96,200000,1440797,1439450,3500000,2022
BROOKLYN,DYKER HEIGHTS,03 THREE FAMILY HOMES,30,800000,1609427,1615000,2550000,2022
BROOKLYN,EAST NEW YORK,01 ONE FAMILY HOMES,88,200000,576897,577500,975000,2022
BROOKLYN,EAST NEW YORK,02 TWO FAMILY HOMES,160,215000,765863,777500,2700000,2022
BROOKLYN,EAST NEW YORK,03 THREE FAMILY HOMES,65,230000,1120989,845000,4110000,2022
BROOKLYN,FLATBUSH-CENTRAL,01 ONE FAMILY HOMES,68,430000,1734000,1525000,3500000,2022
BROOKLYN,FLATBUSH-CENTRAL,02 TWO FAMILY HOMES,59,375000,1288685,1200000,3350000,2022
BROOKLYN,FLATBUSH-CENTRAL,03 THREE FAMILY HOMES,13,620391,1249934,1200000,1865000,2022
BROOKLYN,FLATBUSH-EAST,01 ONE FAMILY HOMES,199,248000,687206,675000,1500000,2022
BROOKLYN,FLATBUSH-EAST,02 TWO FAMILY HOMES,120,242091,936479,861500,5000000,2022
BROOKLYN,FLATBUSH-EAST,03 THREE FAMILY HOMES,25,371250,910169,891500,1700000,2022
BROOKLYN,FLATBUSH-LEFFERTS GARDEN,01 ONE FAMILY HOMES,25,200000,2019024,2115000,3807497,2022
BROOKLYN,FLATBUSH-LEFFERTS GARDEN,02 TWO FAMILY HOMES,28,541875,1588151,1479034,3100000,2022
BROOKLYN,FLATBUSH-LEFFERTS GARDEN,03 THREE FAMILY HOMES,3,1300000,1468333,1535000,1570000,2022
BROOKLYN,FLATBUSH-NORTH,01 ONE FAMILY HOMES,35,300000,747811,725000,1400000,2022
BROOKLYN,FLATBUSH-NORTH,02 TWO FAMILY HOMES,72,251016,934834,840000,3400000,2022
BROOKLYN,FLATBUSH-NORTH,03 THREE FAMILY HOMES,17,400000,1000412,999999,1550000,2022
BROOKLYN,FLATLANDS,01 ONE FAMILY HOMES,52,395396,688296,700000,1150000,2022
BROOKLYN,FLATLANDS,02 TWO FAMILY HOMES,37,400000,809601,770000,1496719,2022
BROOKLYN,FLATLANDS,03 THREE FAMILY HOMES,4,892000,1001750,980000,1155000,2022
BROOKLYN,FORT GREENE,01 ONE FAMILY HOMES,2,4750000,6325000,6325000,7900000,2022
BROOKLYN,FORT GREENE,02 TWO FAMILY HOMES,17,583194,2836937,2800000,5200000,2022
BROOKLYN,FORT GREENE,03 THREE FAMILY HOMES,17,1035000,2741235,2450000,6500000,2022
BROOKLYN,GERRITSEN BEACH,01 ONE FAMILY HOMES,66,220000,602581,602500,1800000,2022
BROOKLYN,GERRITSEN BEACH,02 TWO FAMILY HOMES,15,500000,754867,759000,950000,2022
BROOKLYN,GOWANUS,01 ONE FAMILY HOMES,10,493202,1570240,1614600,2700000,2022
BROOKLYN,GOWANUS,02 TWO FAMILY HOMES,16,400000,1757690,1887500,3275000,2022
BROOKLYN,GOWANUS,03 THREE FAMILY HOMES,10,990000,2210050,2277000,4275000,2022
BROOKLYN,GRAVESEND,01 ONE FAMILY HOMES,70,200500,902602,866500,1800000,2022
BROOKLYN,GRAVESEND,02 TWO FAMILY HOMES,143,200000,1118855,1095000,2500000,2022
BROOKLYN,GRAVESEND,03 THREE FAMILY HOMES,47,415557,1418288,1480000,2080000,2022
BROOKLYN,GREENPOINT,01 ONE FAMILY HOMES,9,900000,2478889,2320000,4250000,2022
BROOKLYN,GREENPOINT,02 TWO FAMILY HOMES,40,575338,2051121,1828000,4400000,2022
BROOKLYN,GREENPOINT,03 THREE FAMILY HOMES,30,999000,2327842,2250000,3825000,2022
BROOKLYN,KENSINGTON,01 ONE FAMILY HOMES,14,350000,1343059,1291250,2300000,2022
BROOKLYN,KENSINGTON,02 TWO FAMILY HOMES,13,400000,1437308,1405000,2205000,2022
BROOKLYN,KENSINGTON,03 THREE FAMILY HOMES,11,700000,1525909,1705000,2125000,2022
BROOKLYN,MADISON,01 ONE FAMILY HOMES,88,220970,1113981,977500,2600000,2022
BROOKLYN,MADISON,02 TWO FAMILY HOMES,35,650000,1140828,1125000,1999999,2022
BROOKLYN,MADISON,03 THREE FAMILY HOMES,4,999922,1446981,1294000,2200000,2022
BROOKLYN,MANHATTAN BEACH,01 ONE FAMILY HOMES,24,933628,1792608,1627100,3200000,2022
BROOKLYN,MANHATTAN BEACH,02 TWO FAMILY HOMES,14,225000,1532691,1605000,2225000,2022
BROOKLYN,MARINE PARK,01 ONE FAMILY HOMES,156,400000,786428,777000,1150000,2022
BROOKLYN,MARINE PARK,02 TWO FAMILY HOMES,55,200000,852475,850000,1287000,2022
BROOKLYN,MARINE PARK,03 THREE FAMILY HOMES,2,800000,1035000,1035000,1270000,2022
BROOKLYN,MIDWOOD,01 ONE FAMILY HOMES,115,250000,1319530,1240000,3700000,2022
BROOKLYN,MIDWOOD,02 TWO FAMILY HOMES,57,300000,1368952,1300000,4550000,2022
BROOKLYN,MIDWOOD,03 THREE FAMILY HOMES,11,212500,1452682,1460000,2200000,2022
BROOKLYN,MILL BASIN,01 ONE FAMILY HOMES,62,500000,1190952,997000,2880000,2022
BROOKLYN,MILL BASIN,02 TWO FAMILY HOMES,29,685000,1003483,950000,1450000,2022
BROOKLYN,MILL BASIN,03 THREE FAMILY HOMES,1,930000,930000,930000,930000,2022
BROOKLYN,NAVY YARD,02 TWO FAMILY HOMES,1,1450000,1450000,1450000,1450000,2022
BROOKLYN,NAVY YARD,03 THREE FAMILY HOMES,3,1100000,1920000,1625000,3035000,2022
BROOKLYN,OCEAN HILL,01 ONE FAMILY HOMES,7,560000,822143,750000,1205000,2022
BROOKLYN,OCEAN HILL,02 TWO FAMILY HOMES,76,400000,1159651,1040500,2500000,2022
BROOKLYN,OCEAN HILL,03 THREE FAMILY HOMES,43,343000,1080031,1085000,1850000,2022
BROOKLYN,OCEAN PARKWAY-NORTH,01 ONE FAMILY HOMES,70,275000,1587386,1390250,4392180,2022
BROOKLYN,OCEAN PARKWAY-NORTH,02 TWO FAMILY HOMES,82,617500,1711163,1600000,3600000,2022
BROOKLYN,OCEAN PARKWAY-NORTH,03 THREE FAMILY HOMES,19,587500,1951760,1500000,7711947,2022
BROOKLYN,OCEAN PARKWAY-SOUTH,01 ONE FAMILY HOMES,28,600000,2993446,1700000,14000000,2022
BROOKLYN,OCEAN PARKWAY-SOUTH,02 TWO FAMILY HOMES,88,350000,1631591,1225000,7300000,2022
BROOKLYN,OCEAN PARKWAY-SOUTH,03 THREE FAMILY HOMES,16,517000,1519562,1502500,3100000,2022
BROOKLYN,OLD MILL BASIN,01 ONE FAMILY HOMES,67,220441,622818,625000,925000,2022
BROOKLYN,OLD MILL BASIN,02 TWO FAMILY HOMES,37,250000,798686,793100,1250000,2022
BROOKLYN,OLD MILL BASIN,03 THREE FAMILY HOMES,7,905000,1054857,999000,1275000,2022
BROOKLYN,PARK SLOPE,01 ONE FAMILY HOMES,21,1800000,4904388,4225000,11700000,2022
BROOKLYN,PARK SLOPE,02 TWO FAMILY HOMES,65,581304,3700897,3700000,8120000,2022
BROOKLYN,PARK SLOPE,03 THREE FAMILY HOMES,23,600000,3230217,3050000,5925000,2022
BROOKLYN,PARK SLOPE SOUTH,01 ONE FAMILY HOMES,13,800000,2047935,2400000,3950000,2022
BROOKLYN,PARK SLOPE SOUTH,02 TWO FAMILY HOMES,35,1225000,2985643,2890000,5350000,2022
BROOKLYN,PARK SLOPE SOUTH,03 THREE FAMILY HOMES,8,1073000,2777472,2700000,4485000,2022
BROOKLYN,PROSPECT HEIGHTS,01 ONE FAMILY HOMES,6,200000,3468500,3705000,5751000,2022
BROOKLYN,PROSPECT HEIGHTS,02 TWO FAMILY HOMES,13,2219000,4250568,4210000,6390000,2022
BROOKLYN,PROSPECT HEIGHTS,03 THREE FAMILY HOMES,13,925000,2501409,2737209,4300000,2022
BROOKLYN,RED HOOK,01 ONE FAMILY HOMES,6,1125000,2328333,2710000,2950000,2022
BROOKLYN,RED HOOK,02 TWO FAMILY HOMES,12,1050000,1732917,1570000,3050000,2022
BROOKLYN,RED HOOK,03 THREE FAMILY HOMES,4,1190000,1493500,1342000,2100000,2022
BROOKLYN,SEAGATE,01 ONE FAMILY HOMES,14,538000,972000,800000,2340000,2022
BROOKLYN,SEAGATE,02 TWO FAMILY HOMES,17,470000,805941,830000,1275000,2022
BROOKLYN,SEAGATE,03 THREE FAMILY HOMES,1,775000,775000,775000,775000,2022
BROOKLYN,SHEEPSHEAD BAY,01 ONE FAMILY HOMES,80,265000,800633,799500,2200000,2022
BROOKLYN,SHEEPSHEAD BAY,02 TWO FAMILY HOMES,112,545000,1062044,998000,1900000,2022
BROOKLYN,SHEEPSHEAD BAY,03 THREE FAMILY HOMES,25,900050,1320482,1300000,1980000,2022
BROOKLYN,SPRING CREEK,01 ONE FAMILY HOMES,2,535000,562500,562500,590000,2022
BROOKLYN,SUNSET PARK,01 ONE FAMILY HOMES,10,597000,1481700,1262500,2650000,2022
BROOKLYN,SUNSET PARK,02 TWO FAMILY HOMES,133,200000,1437653,1370000,4678880,2022
BROOKLYN,SUNSET PARK,03 THREE FAMILY HOMES,44,275000,1505339,1475000,2725000,2022
BROOKLYN,WILLIAMSBURG-CENTRAL,02 TWO FAMILY HOMES,6,1370000,2141031,1931250,3550000,2022
BROOKLYN,WILLIAMSBURG-CENTRAL,03 THREE FAMILY HOMES,12,560500,1924648,2025000,2829925,2022
BROOKLYN,WILLIAMSBURG-EAST,01 ONE FAMILY HOMES,6,1550000,1909167,1805000,2400000,2022
BROOKLYN,WILLIAMSBURG-EAST,02 TWO FAMILY HOMES,38,235000,2063029,1900000,4800000,2022
BROOKLYN,WILLIAMSBURG-EAST,03 THREE FAMILY HOMES,14,400000,2206500,2300000,3350000,2022
BROOKLYN,WILLIAMSBURG-NORTH,01 ONE FAMILY HOMES,2,3350000,4350000,4350000,5350000,2022
BROOKLYN,WILLIAMSBURG-NORTH,02 TWO FAMILY HOMES,4,999000,2566417,1983333,5300000,2022
BROOKLYN,WILLIAMSBURG-NORTH,03 THREE FAMILY HOMES,10,335000,2293750,2066666,3540000,2022
BROOKLYN,WILLIAMSBURG-SOUTH,02 TWO FAMILY HOMES,8,1200000,2971250,2985000,4500000,2022
BROOKLYN,WILLIAMSBURG-SOUTH,03 THREE FAMILY HOMES,10,1100000,2874048,2750000,4200000,2022
BROOKLYN,WINDSOR TERRACE,01 ONE FAMILY HOMES,20,400000,1773486,1637500,3075000,2022
BROOKLYN,WINDSOR TERRACE,02 TWO FAMILY HOMES,32,450000,2295156,2250000,4000000,2022
BROOKLYN,WINDSOR TERRACE,03 THREE FAMILY HOMES,3,990000,1630000,1600000,2300000,2022
BROOKLYN,WYCKOFF HEIGHTS,01 ONE FAMILY HOMES,2,950000,1250000,1250000,1550000,2022
BROOKLYN,WYCKOFF HEIGHTS,02 TWO FAMILY HOMES,14,650000,1313214,1079000,3765000,2022
BROOKLYN,WYCKOFF HEIGHTS,03 THREE FAMILY HOMES,15,240000,1697333,1380000,5625000,2022
MANHATTAN,ALPHABET CITY,01 ONE FAMILY HOMES,1,399000,399000,399000,399000,2022
MANHATTAN,ALPHABET CITY,02 TWO FAMILY HOMES,1,2999999,2999999,2999999,2999999,2022
MANHATTAN,CHELSEA,01 ONE FAMILY HOMES,6,4400000,7282668,6748005,11100000,2022
MANHATTAN,CHELSEA,02 TWO FAMILY HOMES,1,5300000,5300000,5300000,5300000,2022
MANHATTAN,CHELSEA,03 THREE FAMILY HOMES,1,3975000,3975000,3975000,3975000,2022
MANHATTAN,CLINTON,01 ONE FAMILY HOMES,1,3300000,3300000,3300000,3300000,2022
MANHATTAN,CLINTON,02 TWO FAMILY HOMES,2,3165000,3415000,3415000,3665000,2022
MANHATTAN,GRAMERCY,02 TWO FAMILY HOMES,3,4200000,6666667,7400000,8400000,2022
MANHATTAN,GREENWICH VILLAGE-CENTRAL,01 ONE FAMILY HOMES,1,35000000,35000000,35000000,35000000,2022
MANHATTAN,GREENWICH VILLAGE-CENTRAL,02 TWO FAMILY HOMES,3,4350000,6904167,6612500,9750000,2022
MANHATTAN,GREENWICH VILLAGE-CENTRAL,03 THREE FAMILY HOMES,2,8500000,9300000,9300000,10100000,2022
MANHATTAN,GREENWICH VILLAGE-WEST,01 ONE FAMILY HOMES,25,4400000,9603400,8625000,19000000,2022
MANHATTAN,GREENWICH VILLAGE-WEST,02 TWO FAMILY HOMES,9,6900000,11422222,8500000,23000000,2022
MANHATTAN,GREENWICH VILLAGE-WEST,03 THREE FAMILY HOMES,8,850000,7481250,8225000,10500000,2022
MANHATTAN,HARLEM-CENTRAL,01 ONE FAMILY HOMES,7,953082,2960797,2257500,6995000,2022
MANHATTAN,HARLEM-CENTRAL,02 TWO FAMILY HOMES,13,890000,2638077,2400000,6350000,2022
MANHATTAN,HARLEM-CENTRAL,03 THREE FAMILY HOMES,13,985500,2238447,2400000,4500000,2022
MANHATTAN,HARLEM-EAST,01 ONE FAMILY HOMES,1,4556900,4556900,4556900,4556900,2022
MANHATTAN,HARLEM-EAST,02 TWO FAMILY HOMES,3,454000,901221,1073162,1176500,2022
MANHATTAN,HARLEM-EAST,03 THREE FAMILY HOMES,2,750000,1300000,1300000,1850000,2022
MANHATTAN,HARLEM-UPPER,01 ONE FAMILY HOMES,3,1900000,3039500,2972500,4246000,2022
MANHATTAN,HARLEM-UPPER,02 TWO FAMILY HOMES,6,1200000,2940083,1920250,5550000,2022
MANHATTAN,HARLEM-UPPER,03 THREE FAMILY HOMES,3,998000,1404333,1090000,2125000,2022
MANHATTAN,INWOOD,01 ONE FAMILY HOMES,2,832500,896000,896000,959500,2022
MANHATTAN,INWOOD,02 TWO FAMILY HOMES,1,1222000,1222000,1222000,1222000,2022
MANHATTAN,KIPS BAY,02 TWO FAMILY HOMES,1,3445325,3445325,3445325,3445325,2022
MANHATTAN,LITTLE ITALY,01 ONE FAMILY HOMES,1,5950000,5950000,5950000,5950000,2022
MANHATTAN,MANHATTAN VALLEY,01 ONE FAMILY HOMES,1,3725000,3725000,3725000,3725000,2022
MANHATTAN,MANHATTAN VALLEY,02 TWO FAMILY HOMES,1,3525000,3525000,3525000,3525000,2022
MANHATTAN,MIDTOWN EAST,01 ONE FAMILY HOMES,6,4140150,6098358,5200000,10250000,2022
MANHATTAN,MIDTOWN EAST,02 TWO FAMILY HOMES,3,3325000,7275000,6500000,12000000,2022
MANHATTAN,MIDTOWN EAST,03 THREE FAMILY HOMES,1,4750000,4750000,4750000,4750000,2022
MANHATTAN,MURRAY HILL,01 ONE FAMILY HOMES,4,2800000,4393750,4187500,6400000,2022
MANHATTAN,MURRAY HILL,02 TWO FAMILY HOMES,3,3300000,4117667,4400000,4653000,2022
MANHATTAN,SOHO,01 ONE FAMILY HOMES,1,14800000,14800000,14800000,14800000,2022
MANHATTAN,SOHO,02 TWO FAMILY HOMES,1,6000000,6000000,6000000,6000000,2022
MANHATTAN,SOHO,03 THREE FAMILY HOMES,1,7200000,7200000,7200000,7200000,2022
MANHATTAN,SOUTHBRIDGE,01 ONE FAMILY HOMES,1,3500000,3500000,3500000,3500000,2022
MANHATTAN,TRIBECA,01 ONE FAMILY HOMES,4,4150000,10223750,8372500,20000000,2022
MANHATTAN,UPPER EAST SIDE (59-79),01 ONE FAMILY HOMES,22,4541171,15599082,8675000,56000000,2022
MANHATTAN,UPPER EAST SIDE (59-79),02 TWO FAMILY HOMES,9,1757500,10523056,7250000,27500000,2022
MANHATTAN,UPPER EAST SIDE (59-79),03 THREE FAMILY HOMES,1,27000000,27000000,27000000,27000000,2022
MANHATTAN,UPPER EAST SIDE (79-96),01 ONE FAMILY HOMES,21,3950000,10650618,7521000,26500000,2022
MANHATTAN,UPPER EAST SIDE (79-96),02 TWO FAMILY HOMES,1,8500000,8500000,8500000,8500000,2022
MANHATTAN,UPPER EAST SIDE (79-96),03 THREE FAMILY HOMES,1,11400000,11400000,11400000,11400000,2022
MANHATTAN,UPPER WEST SIDE (59-79),01 ONE FAMILY HOMES,4,6332219,11226805,8162500,22250000,2022
MANHATTAN,UPPER WEST SIDE (59-79),02 TWO FAMILY HOMES,3,3995000,5715000,5000000,8150000,2022
MANHATTAN,UPPER WEST SIDE (79-96),01 ONE FAMILY HOMES,9,4353375,11082742,9173800,26000000,2022
MANHATTAN,UPPER WEST SIDE (79-96),02 TWO FAMILY HOMES,9,3098250,5026084,4495000,7500000,2022
MANHATTAN,UPPER WEST SIDE (79-96),03 THREE FAMILY HOMES,2,4500000,6162500,6162500,7825000,2022
MANHATTAN,WASHINGTON HEIGHTS LOWER,01 ONE FAMILY HOMES,5,950000,1981404,2546506,2546506,2022
MANHATTAN,WASHINGTON HEIGHTS LOWER,02 TWO FAMILY HOMES,10,995000,1870742,1523109,4978192,2022
MANHATTAN,WASHINGTON HEIGHTS LOWER,03 THREE FAMILY HOMES,3,997500,1551335,1110000,2546506,2022
MANHATTAN,WASHINGTON HEIGHTS UPPER,01 ONE FAMILY HOMES,2,1100000,1250000,1250000,1400000,2022
QUEENS,AIRPORT LA GUARDIA,01 ONE FAMILY HOMES,4,815000,852299,847098,900000,2022
QUEENS,ARVERNE,01 ONE FAMILY HOMES,24,315000,514303,505000,1138000,2022
QUEENS,ARVERNE,02 TWO FAMILY HOMES,83,320000,757319,720000,1318000,2022
QUEENS,ARVERNE,03 THREE FAMILY HOMES,7,330000,845698,780000,1489686,2022
QUEENS,ASTORIA,01 ONE FAMILY HOMES,68,425000,1241253,1105000,5150000,2022
QUEENS,ASTORIA,02 TWO FAMILY HOMES,167,200000,1286027,1248000,5775000,2022
QUEENS,ASTORIA,03 THREE FAMILY HOMES,69,300000,1424063,1430000,2520000,2022
QUEENS,BAYSIDE,01 ONE FAMILY HOMES,342,265000,1059750,990000,4730000,2022
QUEENS,BAYSIDE,02 TWO FAMILY HOMES,129,510000,1441296,1400000,4730000,2022
QUEENS,BAYSIDE,03 THREE FAMILY HOMES,18,700000,1393111,1451500,1750000,2022
QUEENS,BEECHHURST,01 ONE FAMILY HOMES,49,301500,1138755,998000,2500000,2022
QUEENS,BEECHHURST,02 TWO FAMILY HOMES,3,1210000,1386667,1300000,1650000,2022
QUEENS,BELLE HARBOR,01 ONE FAMILY HOMES,27,800000,1167630,999000,2500000,2022
QUEENS,BELLE HARBOR,02 TWO FAMILY HOMES,23,715000,1103370,1050000,1650000,2022
QUEENS,BELLE HARBOR,03 THREE FAMILY HOMES,2,600000,780000,780000,960000,2022
QUEENS,BELLEROSE,01 ONE FAMILY HOMES,102,200885,754749,736000,1450000,2022
QUEENS,BELLEROSE,02 TWO FAMILY HOMES,30,635000,843967,806000,1226000,2022
QUEENS,BELLEROSE,03 THREE FAMILY HOMES,3,972500,1113833,1169000,1200000,2022
QUEENS,BREEZY POINT,01 ONE FAMILY HOMES,69,250000,762229,750000,1350000,2022
QUEENS,BRIARWOOD,01 ONE FAMILY HOMES,24,234350,813570,847500,1450000,2022
QUEENS,BRIARWOOD,02 TWO FAMILY HOMES,17,660000,1031882,960000,2000000,2022
QUEENS,BRIARWOOD,03 THREE FAMILY HOMES,4,990000,1187838,1195677,1370000,2022
QUEENS,BROAD CHANNEL,01 ONE FAMILY HOMES,19,220000,575026,575000,950000,2022
QUEENS,CAMBRIA HEIGHTS,01 ONE FAMILY HOMES,104,203000,610884,630000,825000,2022
QUEENS,CAMBRIA HEIGHTS,02 TWO FAMILY HOMES,11,450000,782273,720000,1075000,2022
QUEENS,CAMBRIA HEIGHTS,03 THREE FAMILY HOMES,1,510000,510000,510000,510000,2022
QUEENS,COLLEGE POINT,01 ONE FAMILY HOMES,94,385000,875646,860000,1770000,2022
QUEENS,COLLEGE POINT,02 TWO FAMILY HOMES,79,359000,1026910,996666,1560000,2022
QUEENS,COLLEGE POINT,03 THREE FAMILY HOMES,16,710000,1099241,1045000,1530000,2022
QUEENS,CORONA,01 ONE FAMILY HOMES,25,257000,937720,826000,2350000,2022
QUEENS,CORONA,02 TWO FAMILY HOMES,90,350000,1071234,1084500,2030000,2022
QUEENS,CORONA,03 THREE FAMILY HOMES,61,310000,1327392,1310000,2350000,2022
QUEENS,DOUGLASTON,01 ONE FAMILY HOMES,75,820000,1297075,1211717,3637500,2022
QUEENS,DOUGLASTON,02 TWO FAMILY HOMES,12,950000,1450917,1336500,2190000,2022
QUEENS,EAST ELMHURST,01 ONE FAMILY HOMES,42,300000,748024,787500,1170988,2022
QUEENS,EAST ELMHURST,02 TWO FAMILY HOMES,44,218102,1053154,1022500,1950000,2022
QUEENS,EAST ELMHURST,03 THREE FAMILY HOMES,11,725000,1199091,1200000,1715000,2022
QUEENS,ELMHURST,01 ONE FAMILY HOMES,54,366000,1009013,864500,5900000,2022
QUEENS,ELMHURST,02 TWO FAMILY HOMES,82,265000,1075002,1070000,1800000,2022
QUEENS,ELMHURST,03 THREE FAMILY HOMES,53,401838,1390827,1460000,1930000,2022
QUEENS,FAR ROCKAWAY,01 ONE FAMILY HOMES,62,266000,751618,699500,2260000,2022
QUEENS,FAR ROCKAWAY,02 TWO FAMILY HOMES,63,280000,691935,665000,2100000,2022
QUEENS,FAR ROCKAWAY,03 THREE FAMILY HOMES,13,252000,731831,805000,999999,2022
QUEENS,FLORAL PARK,01 ONE FAMILY HOMES,102,350000,799966,752500,1781000,2022
QUEENS,FLORAL PARK,02 TWO FAMILY HOMES,4,890000,974000,928000,1150000,2022
QUEENS,FLORAL PARK,03 THREE FAMILY HOMES,1,995000,995000,995000,995000,2022
QUEENS,FLUSHING MEADOW PARK,03 THREE FAMILY HOMES,1,1572000,1572000,1572000,1572000,2022
QUEENS,FLUSHING-NORTH,01 ONE FAMILY HOMES,461,400000,1060208,990000,2488000,2022
QUEENS,FLUSHING-NORTH,02 TWO FAMILY HOMES,214,200000,1274627,1250000,2990000,2022
QUEENS,FLUSHING-NORTH,03 THREE FAMILY HOMES,48,750000,1612256,1590000,2635000,2022
QUEENS,FLUSHING-SOUTH,01 ONE FAMILY HOMES,226,450000,977874,905000,2155000,2022
QUEENS,FLUSHING-SOUTH,02 TWO FAMILY HOMES,60,237900,1110390,1112500,1979500,2022
QUEENS,FLUSHING-SOUTH,03 THREE FAMILY HOMES,10,975000,1439035,1283000,2099889,2022
QUEENS,FOREST HILLS,01 ONE FAMILY HOMES,138,750000,1513391,1316250,4100000,2022
QUEENS,FOREST HILLS,02 TWO FAMILY HOMES,28,850000,1310429,1255000,2530000,2022
QUEENS,FOREST HILLS,03 THREE FAMILY HOMES,3,1140000,1532667,1358000,2100000,2022
QUEENS,FRESH MEADOWS,01 ONE FAMILY HOMES,75,500000,1098746,999999,2075000,2022
QUEENS,FRESH MEADOWS,02 TWO FAMILY HOMES,9,495000,1058667,1100000,1250000,2022
QUEENS,GLEN OAKS,01 ONE FAMILY HOMES,25,495000,810995,810000,1172000,2022
QUEENS,GLEN OAKS,02 TWO FAMILY HOMES,2,936000,1513000,1513000,2090000,2022
QUEENS,GLEN OAKS,03 THREE FAMILY HOMES,1,810000,810000,810000,810000,2022
QUEENS,GLENDALE,01 ONE FAMILY HOMES,79,281927,782107,777350,1330000,2022
QUEENS,GLENDALE,02 TWO FAMILY HOMES,125,200000,883612,883000,1490000,2022
QUEENS,GLENDALE,03 THREE FAMILY HOMES,11,863000,1197091,1200000,1790000,2022
QUEENS,HAMMELS,01 ONE FAMILY HOMES,12,375000,610833,645000,825000,2022
QUEENS,HAMMELS,02 TWO FAMILY HOMES,15,345000,915586,806963,2810000,2022
QUEENS,HAMMELS,03 THREE FAMILY HOMES,4,495430,1036358,1095000,1460000,2022
QUEENS,HILLCREST,01 ONE FAMILY HOMES,20,643500,825025,805000,1125000,2022
QUEENS,HILLCREST,02 TWO FAMILY HOMES,5,620000,812600,860000,998000,2022
QUEENS,HOLLIS,01 ONE FAMILY HOMES,163,200000,713610,710000,1500000,2022
QUEENS,HOLLIS,02 TWO FAMILY HOMES,57,325000,762625,775000,1209000,2022
QUEENS,HOLLIS,03 THREE FAMILY HOMES,6,655000,1001667,1057500,1275000,2022
QUEENS,HOLLIS HILLS,01 ONE FAMILY HOMES,35,800000,1189268,1200000,2000000,2022
QUEENS,HOLLIS HILLS,02 TWO FAMILY HOMES,1,1130000,1130000,1130000,1130000,2022
QUEENS,HOLLISWOOD,01 ONE FAMILY HOMES,45,450000,1218311,1100000,2630000,2022
QUEENS,HOLLISWOOD,02 TWO FAMILY HOMES,1,995000,995000,995000,995000,2022
QUEENS,HOWARD BEACH,01 ONE FAMILY HOMES,139,210635,839467,850000,2300000,2022
QUEENS,HOWARD BEACH,02 TWO FAMILY HOMES,45,207500,921155,940000,1448721,2022
QUEENS,HOWARD BEACH,03 THREE FAMILY HOMES,5,600000,1037600,1229000,1359000,2022
QUEENS,JACKSON HEIGHTS,01 ONE FAMILY HOMES,83,230000,904369,888000,1900000,2022
QUEENS,JACKSON HEIGHTS,02 TWO FAMILY HOMES,92,500000,1110572,997500,2665000,2022
QUEENS,JACKSON HEIGHTS,03 THREE FAMILY HOMES,48,250801,1280151,1277500,2665000,2022
QUEENS,JAMAICA,01 ONE FAMILY HOMES,30,270000,784160,705000,2500000,2022
QUEENS,JAMAICA,02 TWO FAMILY HOMES,36,219690,945266,882000,2300000,2022
QUEENS,JAMAICA,03 THREE FAMILY HOMES,5,970000,1166200,1180000,1424000,2022
QUEENS,JAMAICA BAY,01 ONE FAMILY HOMES,9,417500,633819,590000,1000000,2022
QUEENS,JAMAICA BAY,02 TWO FAMILY HOMES,3,342224,602408,645000,820000,2022
QUEENS,JAMAICA ESTATES,01 ONE FAMILY HOMES,54,225942,1335184,1300000,2900000,2022
QUEENS,JAMAICA ESTATES,02 TWO FAMILY HOMES,3,520000,1013333,1210000,1310000,2022
QUEENS,JAMAICA HILLS,01 ONE FAMILY HOMES,23,620000,805213,800000,1100000,2022
QUEENS,JAMAICA HILLS,02 TWO FAMILY HOMES,15,300000,793867,875000,1130000,2022
QUEENS,JAMAICA HILLS,03 THREE FAMILY HOMES,1,1210000,1210000,1210000,1210000,2022
QUEENS,KEW GARDENS,01 ONE FAMILY HOMES,29,326000,1150974,1100000,2580000,2022
QUEENS,KEW GARDENS,02 TWO FAMILY HOMES,11,700000,1082000,1075000,1370000,2022
QUEENS,KEW GARDENS,03 THREE FAMILY HOMES,9,310000,1262193,1340000,1960000,2022
QUEENS,LAURELTON,01 ONE FAMILY HOMES,146,268180,631955,632500,1295000,2022
QUEENS,LAURELTON,02 TWO FAMILY HOMES,29,305000,796302,750000,1300000,2022
QUEENS,LITTLE NECK,01 ONE FAMILY HOMES,90,435000,1091274,995500,2360000,2022
QUEENS,LITTLE NECK,02 TWO FAMILY HOMES,10,820000,1312903,1274000,1990000,2022
QUEENS,LONG ISLAND CITY,01 ONE FAMILY HOMES,5,645000,881400,912000,1200000,2022
QUEENS,LONG ISLAND CITY,02 TWO FAMILY HOMES,28,535000,1612910,1365000,3500000,2022
QUEENS,LONG ISLAND CITY,03 THREE FAMILY HOMES,12,320000,1473083,1450000,2750000,2022
QUEENS,MASPETH,01 ONE FAMILY HOMES,70,365000,789655,822500,1365777,2022
QUEENS,MASPETH,02 TWO FAMILY HOMES,107,204544,953636,950000,1720000,2022
QUEENS,MASPETH,03 THREE FAMILY HOMES,24,635000,1229271,1202500,1883763,2022
QUEENS,MIDDLE VILLAGE,01 ONE FAMILY HOMES,170,218630,828213,839500,1525000,2022
QUEENS,MIDDLE VILLAGE,02 TWO FAMILY HOMES,135,300000,987359,979000,1888000,2022
QUEENS,MIDDLE VILLAGE,03 THREE FAMILY HOMES,31,851000,1305251,1300000,1800000,2022
QUEENS,NEPONSIT,01 ONE FAMILY HOMES,24,275805,1271242,1187500,3000000,2022
QUEENS,OAKLAND GARDENS,01 ONE FAMILY HOMES,59,304000,1076223,999900,1998068,2022
QUEENS,OAKLAND GARDENS,02 TWO FAMILY HOMES,3,1399998,1813079,1850000,2189238,2022
QUEENS,OAKLAND GARDENS,03 THREE FAMILY HOMES,6,498800,1303633,1414000,1650000,2022
QUEENS,OZONE PARK,01 ONE FAMILY HOMES,121,325000,664503,675000,1380000,2022
QUEENS,OZONE PARK,02 TWO FAMILY HOMES,153,270000,846317,825000,1600000,2022
QUEENS,OZONE PARK,03 THREE FAMILY HOMES,18,381900,945980,993667,1250000,2022
QUEENS,QUEENS VILLAGE,01 ONE FAMILY HOMES,263,200000,652472,665000,1300000,2022
QUEENS,QUEENS VILLAGE,02 TWO FAMILY HOMES,74,288000,761764,757500,1295000,2022
QUEENS,QUEENS VILLAGE,03 THREE FAMILY HOMES,2,860000,902500,902500,945000,2022
QUEENS,REGO PARK,01 ONE FAMILY HOMES,58,700000,941065,911750,1875000,2022
QUEENS,REGO PARK,02 TWO FAMILY HOMES,26,360000,1311077,1072000,3600000,2022
QUEENS,REGO PARK,03 THREE FAMILY HOMES,6,1125000,1423833,1349000,1995000,2022
QUEENS,RICHMOND HILL,01 ONE FAMILY HOMES,186,200000,676543,670000,1600000,2022
QUEENS,RICHMOND HILL,02 TWO FAMILY HOMES,173,287000,839231,834528,1855000,2022
QUEENS,RICHMOND HILL,03 THREE FAMILY HOMES,33,420000,969008,945000,1410000,2022
QUEENS,RIDGEWOOD,01 ONE FAMILY HOMES,16,396750,856102,847000,1375000,2022
QUEENS,RIDGEWOOD,02 TWO FAMILY HOMES,102,200000,1100603,1095000,2350000,2022
QUEENS,RIDGEWOOD,03 THREE FAMILY HOMES,32,250000,1258391,1225000,2575000,2022
QUEENS,ROCKAWAY PARK,01 ONE FAMILY HOMES,12,500000,824667,849500,1260000,2022
QUEENS,ROCKAWAY PARK,02 TWO FAMILY HOMES,21,275000,998333,840000,4500000,2022
QUEENS,ROCKAWAY PARK,03 THREE FAMILY HOMES,3,630000,829500,908500,950000,2022
QUEENS,ROSEDALE,01 ONE FAMILY HOMES,124,200000,644633,620000,1300000,2022
QUEENS,ROSEDALE,02 TWO FAMILY HOMES,97,250000,843302,866168,1258000,2022
QUEENS,ROSEDALE,03 THREE FAMILY HOMES,11,382950,903541,850000,1250000,2022
QUEENS,SO. JAMAICA-BAISLEY PARK,01 ONE FAMILY HOMES,223,235000,584631,580000,1360000,2022
QUEENS,SO. JAMAICA-BAISLEY PARK,02 TWO FAMILY HOMES,100,200000,761424,755000,1260000,2022
QUEENS,SO. JAMAICA-BAISLEY PARK,03 THREE FAMILY HOMES,1,550000,550000,550000,550000,2022
QUEENS,SOUTH JAMAICA,01 ONE FAMILY HOMES,118,212000,573821,590000,925000,2022
QUEENS,SOUTH JAMAICA,02 TWO FAMILY HOMES,99,250000,762773,780000,1200000,2022
QUEENS,SOUTH JAMAICA,03 THREE FAMILY HOMES,14,202800,773464,885000,1150000,2022
QUEENS,SOUTH OZONE PARK,01 ONE FAMILY HOMES,163,225000,653423,639000,2300000,2022
QUEENS,SOUTH OZONE PARK,02 TWO FAMILY HOMES,102,400000,848425,826500,1400000,2022
QUEENS,SOUTH OZONE PARK,03 THREE FAMILY HOMES,5,810000,953920,935000,1130000,2022
QUEENS,SPRINGFIELD GARDENS,01 ONE FAMILY HOMES,201,200000,616412,600000,1290000,2022
QUEENS,SPRINGFIELD GARDENS,02 TWO FAMILY HOMES,101,225000,818832,835000,1270000,2022
QUEENS,SPRINGFIELD GARDENS,03 THREE FAMILY HOMES,2,304200,746600,746600,1189000,2022
QUEENS,ST. ALBANS,01 ONE FAMILY HOMES,265,250000,635420,630000,1250000,2022
QUEENS,ST. ALBANS,02 TWO FAMILY HOMES,86,265000,749394,721250,1250000,2022
QUEENS,ST. ALBANS,03 THREE FAMILY HOMES,4,228000,630750,692500,910000,2022
QUEENS,SUNNYSIDE,01 ONE FAMILY HOMES,10,780000,1227400,1282000,1560000,2022
QUEENS,SUNNYSIDE,02 TWO FAMILY HOMES,32,450000,1402531,1300000,3900000,2022
QUEENS,SUNNYSIDE,03 THREE FAMILY HOMES,3,1200000,1391667,1475000,1500000,2022
QUEENS,WHITESTONE,01 ONE FAMILY HOMES,168,202800,1198049,1045000,4000000,2022
QUEENS,WHITESTONE,02 TWO FAMILY HOMES,59,625000,1418824,1299000,6000000,2022
QUEENS,WHITESTONE,03 THREE FAMILY HOMES,9,365000,1809000,1414000,6000000,2022
QUEENS,WOODHAVEN,01 ONE FAMILY HOMES,99,206122,672759,650000,2200000,2022
QUEENS,WOODHAVEN,02 TWO FAMILY HOMES,106,430000,880278,879500,1440000,2022
QUEENS,WOODHAVEN,03 THREE FAMILY HOMES,17,575000,876953,865000,1225000,2022
QUEENS,WOODSIDE,01 ONE FAMILY HOMES,29,400000,825112,875000,1270000,2022
QUEENS,WOODSIDE,02 TWO FAMILY HOMES,32,550000,1127911,1139000,1650000,2022
QUEENS,WOODSIDE,03 THREE FAMILY HOMES,13,500000,1196846,1390000,1638000,2022
STATEN ISLAND,ANNADALE,01 ONE FAMILY HOMES,85,250000,954709,835000,2585000,2022
STATEN ISLAND,ANNADALE,02 TWO FAMILY HOMES,36,300000,972797,929500,1975000,2022
STATEN ISLAND,ANNADALE,03 THREE FAMILY HOMES,1,995900,995900,995900,995900,2022
STATEN ISLAND,ARDEN HEIGHTS,01 ONE FAMILY HOMES,175,252250,518603,505000,1172500,2022
STATEN ISLAND,ARDEN HEIGHTS,02 TWO FAMILY HOMES,17,612500,904782,880000,1230000,2022
STATEN ISLAND,ARROCHAR,01 ONE FAMILY HOMES,15,550000,684467,640000,950000,2022
STATEN ISLAND,ARROCHAR,02 TWO FAMILY HOMES,9,530000,744893,750000,989040,2022
STATEN ISLAND,ARROCHAR-SHORE ACRES,01 ONE FAMILY HOMES,10,399519,621032,600000,980000,2022
STATEN ISLAND,ARROCHAR-SHORE ACRES,02 TWO FAMILY HOMES,4,215000,521250,580000,710000,2022
STATEN ISLAND,BLOOMFIELD,01 ONE FAMILY HOMES,1,500000,500000,500000,500000,2022
STATEN ISLAND,BULLS HEAD,01 ONE FAMILY HOMES,108,250000,581310,596668,975000,2022
STATEN ISLAND,BULLS HEAD,02 TWO FAMILY HOMES,73,274291,834128,849800,1350000,2022
STATEN ISLAND,BULLS HEAD,03 THREE FAMILY HOMES,3,400000,670000,760000,850000,2022
STATEN ISLAND,CASTLETON CORNERS,01 ONE FAMILY HOMES,82,255000,676124,699950,1120000,2022
STATEN ISLAND,CASTLETON CORNERS,02 TWO FAMILY HOMES,37,325963,714829,730000,1135000,2022
STATEN ISLAND,CASTLETON CORNERS,03 THREE FAMILY HOMES,1,820000,820000,820000,820000,2022
STATEN ISLAND,CLOVE LAKES,01 ONE FAMILY HOMES,45,225000,690795,675000,1045000,2022
STATEN ISLAND,CLOVE LAKES,02 TWO FAMILY HOMES,6,536500,713398,745000,838888,2022
STATEN ISLAND,CONCORD,01 ONE FAMILY HOMES,54,205000,467635,480000,870000,2022
STATEN ISLAND,CONCORD,02 TWO FAMILY HOMES,17,315000,671554,688000,997885,2022
STATEN ISLAND,CONCORD,03 THREE FAMILY HOMES,4,300000,581250,662500,700000,2022
STATEN ISLAND,CONCORD-FOX HILLS,01 ONE FAMILY HOMES,21,263750,505503,518000,668000,2022
STATEN ISLAND,DONGAN HILLS,01 ONE FAMILY HOMES,36,480000,682451,645000,1080000,2022
STATEN ISLAND,DONGAN HILLS,02 TWO FAMILY HOMES,24,343000,902905,930000,1461189,2022
STATEN ISLAND,DONGAN HILLS,03 THREE FAMILY HOMES,4,450000,505019,505019,560038,2022
STATEN ISLAND,DONGAN HILLS-COLONY,01 ONE FAMILY HOMES,44,206000,1089683,970000,2630000,2022
STATEN ISLAND,DONGAN HILLS-COLONY,02 TWO FAMILY HOMES,7,293333,793476,900000,1100000,2022
STATEN ISLAND,DONGAN HILLS-COLONY,03 THREE FAMILY HOMES,2,859900,908950,908950,958000,2022
STATEN ISLAND,DONGAN HILLS-OLD TOWN,01 ONE FAMILY HOMES,2,529000,534500,534500,540000,2022
STATEN ISLAND,ELTINGVILLE,01 ONE FAMILY HOMES,184,315000,711062,662500,4850000,2022
STATEN ISLAND,ELTINGVILLE,02 TWO FAMILY HOMES,49,250000,885435,886000,1675000,2022
STATEN ISLAND,ELTINGVILLE,03 THREE FAMILY HOMES,1,950000,950000,950000,950000,2022
STATEN ISLAND,EMERSON HILL,01 ONE FAMILY HOMES,11,965000,1302082,1260000,1635000,2022
STATEN ISLAND,EMERSON HILL,02 TWO FAMILY HOMES,5,580000,760600,825000,920000,2022
STATEN ISLAND,GRANT CITY,01 ONE FAMILY HOMES,53,300000,675926,645000,1200000,2022
STATEN ISLAND,GRANT CITY,02 TWO FAMILY HOMES,16,490000,874250,882500,1180000,2022
STATEN ISLAND,GRASMERE,01 ONE FAMILY HOMES,48,404815,769390,699450,2475000,2022
STATEN ISLAND,GRASMERE,02 TWO FAMILY HOMES,9,337500,884944,970000,1260000,2022
STATEN ISLAND,GREAT KILLS,01 ONE FAMILY HOMES,357,200000,655441,650000,1450000,2022
STATEN ISLAND,GREAT KILLS,02 TWO FAMILY HOMES,112,234000,823707,820000,1323725,2022
STATEN ISLAND,GREAT KILLS,03 THREE FAMILY HOMES,1,875000,875000,875000,875000,2022
STATEN ISLAND,GREAT KILLS-BAY TERRACE,01 ONE FAMILY HOMES,31,415000,682727,665000,950000,2022
STATEN ISLAND,GREAT KILLS-BAY TERRACE,02 TWO FAMILY HOMES,16,528750,885768,920000,1249000,2022
STATEN ISLAND,GRYMES HILL,01 ONE FAMILY HOMES,26,370000,986385,755000,2900000,2022
STATEN ISLAND,GRYMES HILL,02 TWO FAMILY HOMES,5,462000,519400,500000,605000,2022
STATEN ISLAND,HUGUENOT,01 ONE FAMILY HOMES,71,410000,891309,800000,1815000,2022
STATEN ISLAND,HUGUENOT,02 TWO FAMILY HOMES,45,400000,1091825,1050000,1549999,2022
STATEN ISLAND,LIVINGSTON,01 ONE FAMILY HOMES,17,200000,592912,600000,995000,2022
STATEN ISLAND,LIVINGSTON,02 TWO FAMILY HOMES,5,475000,594500,547500,750000,2022
STATEN ISLAND,MANOR HEIGHTS,01 ONE FAMILY HOMES,73,292500,753955,720000,1600000,2022
STATEN ISLAND,MANOR HEIGHTS,02 TWO FAMILY HOMES,21,530000,892666,840000,1303360,2022
STATEN ISLAND,MARINERS HARBOR,01 ONE FAMILY HOMES,109,205000,476674,479000,850000,2022
STATEN ISLAND,MARINERS HARBOR,02 TWO FAMILY HOMES,49,350000,604457,580000,950000,2022
STATEN ISLAND,MARINERS HARBOR,03 THREE FAMILY HOMES,3,237500,405833,360000,620000,2022
STATEN ISLAND,MIDLAND BEACH,01 ONE FAMILY HOMES,130,210000,591968,630000,980000,2022
STATEN ISLAND,MIDLAND BEACH,02 TWO FAMILY HOMES,29,350000,787505,780000,1158769,2022
STATEN ISLAND,MIDLAND BEACH,03 THREE FAMILY HOMES,2,990000,1085000,1085000,1180000,2022
STATEN ISLAND,NEW BRIGHTON,01 ONE FAMILY HOMES,43,271000,534151,540000,830000,2022
STATEN ISLAND,NEW BRIGHTON,02 TWO FAMILY HOMES,48,319500,587492,581000,1103853,2022
STATEN ISLAND,NEW BRIGHTON,03 THREE FAMILY HOMES,7,493500,682372,635000,1039101,2022
STATEN ISLAND,NEW BRIGHTON-ST. GEORGE,01 ONE FAMILY HOMES,2,1545000,1547500,1547500,1550000,2022
STATEN ISLAND,NEW BRIGHTON-ST. GEORGE,02 TWO FAMILY HOMES,3,275000,583333,275000,1200000,2022
STATEN ISLAND,NEW DORP,01 ONE FAMILY HOMES,76,285000,700167,690000,1280000,2022
STATEN ISLAND,NEW DORP,02 TWO FAMILY HOMES,46,250000,903948,902500,1425550,2022
STATEN ISLAND,NEW DORP-BEACH,01 ONE FAMILY HOMES,44,205000,504184,512500,795000,2022
STATEN ISLAND,NEW DORP-BEACH,02 TWO FAMILY HOMES,10,300000,781099,795000,1170988,2022
STATEN ISLAND,NEW DORP-HEIGHTS,01 ONE FAMILY HOMES,56,200000,717634,670500,1375000,2022
STATEN ISLAND,NEW DORP-HEIGHTS,02 TWO FAMILY HOMES,5,824200,1046764,970000,1267721,2022
STATEN ISLAND,NEW SPRINGVILLE,01 ONE FAMILY HOMES,101,397591,680811,690000,1250000,2022
STATEN ISLAND,NEW SPRINGVILLE,02 TWO FAMILY HOMES,72,399900,856117,862000,1258000,2022
STATEN ISLAND,OAKWOOD,01 ONE FAMILY HOMES,41,425000,719717,675000,1300000,2022
STATEN ISLAND,OAKWOOD,02 TWO FAMILY HOMES,9,465683,823063,860000,1050000,2022
STATEN ISLAND,OAKWOOD,03 THREE FAMILY HOMES,1,760000,760000,760000,760000,2022
STATEN ISLAND,OAKWOOD-BEACH,01 ONE FAMILY HOMES,44,284905,657571,647000,1120000,2022
STATEN ISLAND,OAKWOOD-BEACH,02 TWO FAMILY HOMES,13,625000,810977,792000,1230000,2022
STATEN ISLAND,PLEASANT PLAINS,01 ONE FAMILY HOMES,30,349201,772503,682500,1499000,2022
STATEN ISLAND,PLEASANT PLAINS,02 TWO FAMILY HOMES,27,450001,1083850,1102256,1475000,2022
STATEN ISLAND,PORT IVORY,01 ONE FAMILY HOMES,19,268710,428204,445000,592000,2022
STATEN ISLAND,PORT IVORY,02 TWO FAMILY HOMES,4,319300,374001,350352,476000,2022
STATEN ISLAND,PORT RICHMOND,01 ONE FAMILY HOMES,81,225000,520465,500000,850000,2022
STATEN ISLAND,PORT RICHMOND,02 TWO FAMILY HOMES,66,250000,573036,548250,960000,2022
STATEN ISLAND,PORT RICHMOND,03 THREE FAMILY HOMES,2,490000,495000,495000,500000,2022
STATEN ISLAND,PRINCES BAY,01 ONE FAMILY HOMES,56,375000,804642,759950,1800000,2022
STATEN ISLAND,PRINCES BAY,02 TWO FAMILY HOMES,47,242000,1053475,1087347,1500000,2022
STATEN ISLAND,RICHMONDTOWN,01 ONE FAMILY HOMES,62,342946,835299,721250,1735000,2022
STATEN ISLAND,RICHMONDTOWN,02 TWO FAMILY HOMES,3,800000,1038000,870000,1444000,2022
STATEN ISLAND,RICHMONDTOWN-LIGHTHS HILL,01 ONE FAMILY HOMES,10,765000,1137300,942500,1645000,2022
STATEN ISLAND,ROSEBANK,01 ONE FAMILY HOMES,75,200000,612547,602000,1423800,2022
STATEN ISLAND,ROSEBANK,02 TWO FAMILY HOMES,31,250000,726894,760000,1272813,2022
STATEN ISLAND,ROSEBANK,03 THREE FAMILY HOMES,3,760000,836667,815000,935000,2022
STATEN ISLAND,ROSSVILLE,01 ONE FAMILY HOMES,54,450000,679808,605000,1299000,2022
STATEN ISLAND,ROSSVILLE,02 TWO FAMILY HOMES,26,600000,1002584,953897,2050000,2022
STATEN ISLAND,ROSSVILLE-CHARLESTON,01 ONE FAMILY HOMES,20,450832,729637,752500,949900,2022
STATEN ISLAND,ROSSVILLE-CHARLESTON,02 TWO FAMILY HOMES,2,995000,1047500,1047500,1100000,2022
STATEN ISLAND,ROSSVILLE-RICHMOND VALLEY,01 ONE FAMILY HOMES,5,320000,692000,825000,885000,2022
STATEN ISLAND,ROSSVILLE-RICHMOND VALLEY,02 TWO FAMILY HOMES,7,975000,1278986,1247356,1930000,2022
STATEN ISLAND,SILVER LAKE,01 ONE FAMILY HOMES,21,495000,759919,710000,1570000,2022
STATEN ISLAND,SILVER LAKE,02 TWO FAMILY HOMES,2,616000,923000,923000,1230000,2022
STATEN ISLAND,SILVER LAKE,03 THREE FAMILY HOMES,1,780000,780000,780000,780000,2022
STATEN ISLAND,SOUTH BEACH,01 ONE FAMILY HOMES,107,200000,619374,635000,1170988,2022
STATEN ISLAND,SOUTH BEACH,02 TWO FAMILY HOMES,32,378000,828504,815000,1423514,2022
STATEN ISLAND,SOUTH BEACH,03 THREE FAMILY HOMES,5,565000,854800,894000,1125000,2022
STATEN ISLAND,STAPLETON,01 ONE FAMILY HOMES,40,218000,436547,404000,940000,2022
STATEN ISLAND,STAPLETON,02 TWO FAMILY HOMES,41,223250,579298,575000,999900,2022
STATEN ISLAND,STAPLETON,03 THREE FAMILY HOMES,5,450000,660000,620000,850000,2022
STATEN ISLAND,STAPLETON-CLIFTON,01 ONE FAMILY HOMES,20,316000,620945,577500,1200000,2022
STATEN ISLAND,STAPLETON-CLIFTON,02 TWO FAMILY HOMES,4,477000,630000,634000,775000,2022
STATEN ISLAND,SUNNYSIDE,01 ONE FAMILY HOMES,21,225000,895238,728000,4775000,2022
STATEN ISLAND,SUNNYSIDE,02 TWO FAMILY HOMES,12,550000,741958,712500,970000,2022
STATEN ISLAND,TODT HILL,01 ONE FAMILY HOMES,39,1130000,1724870,1600000,3550000,2022
STATEN ISLAND,TOMPKINSVILLE,01 ONE FAMILY HOMES,14,368000,534969,487000,868500,2022
STATEN ISLAND,TOMPKINSVILLE,02 TWO FAMILY HOMES,13,345000,623514,640000,880000,2022
STATEN ISLAND,TOMPKINSVILLE,03 THREE FAMILY HOMES,3,431000,613333,634000,775000,2022
STATEN ISLAND,TOTTENVILLE,01 ONE FAMILY HOMES,118,239000,790047,727500,2060000,2022
STATEN ISLAND,TOTTENVILLE,02 TWO FAMILY HOMES,60,248800,1056826,1072500,1725000,2022
STATEN ISLAND,TRAVIS,01 ONE FAMILY HOMES,40,200000,617671,620000,935000,2022
STATEN ISLAND,TRAVIS,02 TWO FAMILY HOMES,5,605000,757000,680000,920000,2022
STATEN ISLAND,TRAVIS,03 THREE FAMILY HOMES,1,570220,570220,570220,570220,2022
STATEN ISLAND,WEST NEW BRIGHTON,01 ONE FAMILY HOMES,108,260000,583026,570000,1130000,2022
STATEN ISLAND,WEST NEW BRIGHTON,02 TWO FAMILY HOMES,56,200000,620753,640000,1250000,2022
STATEN ISLAND,WEST NEW BRIGHTON,03 THREE FAMILY HOMES,9,349830,543426,450000,806000,2022
STATEN ISLAND,WESTERLEIGH,01 ONE FAMILY HOMES,112,305000,658213,657500,1215000,2022
STATEN ISLAND,WESTERLEIGH,02 TWO FAMILY HOMES,39,301000,742590,750000,1120075,2022
STATEN ISLAND,WESTERLEIGH,03 THREE FAMILY HOMES,1,770000,770000,770000,770000,2022
STATEN ISLAND,WILLOWBROOK,01 ONE FAMILY HOMES,81,249390,742834,730000,1600000,2022
STATEN ISLAND,WILLOWBROOK,02 TWO FAMILY HOMES,42,200000,786202,853000,1160000,2022
STATEN ISLAND,WOODROW,01 ONE FAMILY HOMES,53,340000,660887,649900,1600000,2022
STATEN ISLAND,WOODROW,02 TWO FAMILY HOMES,56,200000,859090,795000,1475000,2022